date,Asset1,Asset2,Asset3,Asset4,Asset5
2019-01-02,231.5061,55.875,25.6492224693746,302.93,50.89
2019-01-03,231.0356,54.977,25.5030470252036,302.11,50.41
2019-01-04,230.4026,56.129,26.1471325760819,301.77,51.38
2019-01-07,230.0543,56.838,25.9552773056075,302.33,52.14
2019-01-08,229.7012,56.895,26.1379966108212,303.42,52.13
2019-01-09,230.155,57.63,26.1973803850157,304.67,52.86
2019-01-10,230.4994,57.667,26.348123811817,304.78,52.89
2019-01-11,230.8193,57.692,26.3709637249687,305.27,52.81
2019-01-14,231.0823,57.589,26.1928124023854,305.26,52.62
2019-01-15,231.3187,57.966,26.3389878465563,305.64,52.54
2019-01-16,231.4834,58.428,26.3572597770777,306.55,52.85
2019-01-17,231.4778,58.458,26.3618277597081,306.9,52.78
2019-01-18,231.4533,59.482,26.8368979532637,307.33,53.53
2019-01-21,231.3291,59.362,26.7683782138086,307.59,53.41
2019-01-22,231.6117,59.002,26.65417864805,307.47,52.98
2019-01-23,231.7206,58.655,26.5856589085948,307.25,53.06
2019-01-24,232.786,58.803,26.5902268912252,307.45,53.25
2019-01-25,232.8402,59.413,26.7181304048748,307.8,53.39
2019-01-28,232.6644,58.69,26.4577553949452,307.93,52.87
2019-01-29,232.6579,58.758,26.6998584743534,307.9,53.34
2019-01-30,232.8493,59.263,26.8551698837851,308.2,53.7
2019-01-31,233.3566,60.144,27.0059133105864,309.22,53.97
2019-02-01,232.5707,60.356,27.0881369979325,309.32,53.77
2019-02-04,232.4786,60.406,27.1155448937146,309.34,53.9
2019-02-05,232.3439,60.848,27.5449352609668,309.84,53.95
2019-02-06,232.1823,60.843,27.5220953478151,310.5,54.01
2019-02-07,232.1859,59.926,27.1657927026484,310.26,53.5
2019-02-08,232.2148,59.784,27.1155448937146,309.77,53.45
2019-02-11,232.1751,60.326,27.3028321815587,309.71,52.91
2019-02-12,232.2308,61.056,27.4124637646869,310.06,53.25
2019-02-13,232.5939,61.244,27.5403672783365,310.36,53.52
2019-02-14,232.7362,61.003,27.5182609420464,310.51,53.33
2019-02-15,232.754,61.66,27.9539667402954,310.56,54.12
2019-02-18,232.7746,61.861,27.9860713780612,310.95,54.5
2019-02-19,232.8894,61.836,27.9126893488824,311.28,54.43
2019-02-20,232.7082,61.999,28.1053171754767,311.43,54.81
2019-02-21,232.5826,61.814,28.0961444218293,311.53,54.92
2019-02-22,232.8227,62.184,28.1374218132424,311.69,55.14
2019-02-25,233.0297,62.608,28.1649400741845,312.2,54.53
2019-02-26,233.2063,62.357,28.2658403643053,312.67,54.6
2019-02-27,232.5685,62.006,28.2108038424212,313.13,55
2019-02-28,232.3292,62.148,28.2429084801869,313.3,54.82
2019-03-01,232.2761,62.163,28.297945002071,313.34,54.4
2019-03-04,232.6784,62.158,28.3896725385445,313.51,54.36
2019-03-05,232.7193,62.176,28.5272638432547,313.63,54.54
2019-03-06,233.4892,61.873,28.5364365969021,313.31,54.28
2019-03-07,234.7471,61.335,28.5226774664311,313.09,54.09
2019-03-08,234.7106,60.822,28.3208768861894,312.48,53.76
2019-03-11,234.4723,61.756,28.495159205489,312.61,54.01
2019-03-12,234.435,62.196,28.453881814076,313.26,54.38
2019-03-13,234.3044,62.623,28.678614278436,313.66,54.73
2019-03-14,234.47,62.595,28.903346742796,314.18,54.69
2019-03-15,234.555,62.933,29.1418383376271,314.33,54.69
2019-03-18,234.995,62.866,29.2060476131586,314.64,54.91
2019-03-19,234.59,63.413,29.3528116715161,315.06,55.03
2019-03-20,234.655,62.638,29.1372519608034,314.93,55.32
2019-03-21,235.6211,63.28,29.1647702217455,314.76,55.07
2019-03-22,235.75,62.558,28.8345510904409,314.65,54.58
2019-03-25,236.2305,62.236,28.7382371771438,314.36,54.79
2019-03-26,236.3364,62.613,28.9859015256222,314.64,54.89
2019-03-27,237.18,62.258,29.0225925402116,314.94,54.55
2019-03-28,236.7785,62.373,29.0225925402116,315.1,54.34
2019-03-29,236.65,62.891,29.1968748595112,315.42,54.73
2019-04-01,235.8753,63.558,29.4720574689317,316.02,54.96
2019-04-02,236.1217,63.694,29.5591986285815,316.67,54.93
2019-04-03,235.5119,64.124,29.7426537015285,317.09,55.08
2019-04-04,235.8886,63.903,29.7059626869391,317.06,55.22
2019-04-05,236.0778,64.247,29.7701719624705,317.21,55.18
2019-04-08,236.1516,64.229,29.7472400783521,317.28,55.41
2019-04-09,236.4443,64.042,29.637167034584,317.38,55.41
2019-04-10,236.8477,64.137,29.6417534114076,315.97,55.59
2019-04-11,236.8635,64.23,29.6004760199946,317.82,55.42
2019-04-12,236.0503,64.497,29.6050623968182,318.2,55.52
2019-04-15,235.6151,64.477,29.6279942809366,318.62,55.4
2019-04-16,235.484,64.66,29.7151354405864,318.85,55.2
2019-04-17,235.3109,64.439,29.6876171796444,319.1,55.25
2019-04-18,236.0125,64.393,29.7747583392942,319.17,55.15
2019-04-19,,,,,
2019-04-22,,,,,
2019-04-23,235.3953,65.067,29.9215223976518,319.16,55.19
2019-04-24,236.2293,65.204,29.9261087744754,319.22,55.1
2019-04-25,235.7831,65.074,29.9398679049465,318.76,54.96
2019-04-26,236.5869,65.11,29.9857316731832,318.58,54.41
2019-04-29,236.4154,65.394,30.0407681950673,318.74,54.37
2019-04-30,236.5748,65.12,30.1279093547171,318.83,54.37
2019-05-01,,,,,
2019-05-02,236.46,64.681,29.9627997890648,318.78,53.52
2019-05-03,236.7102,65.215,30.1324957315408,318.67,53.77
2019-05-06,236.6797,64.779,29.8297948611783,,53.37
2019-05-07,236.9445,64.172,29.4124345702239,318.03,53.12
2019-05-08,236.9893,64.08,29.5179212371684,,53.12
2019-05-09,236.5494,63.094,29.1234928303324,316.49,52.52
2019-05-10,236.5653,62.824,29.1418383376271,316.63,52.76
2019-05-13,236.7456,62.49,28.8850012355014,316.18,52.43
2019-05-14,236.6358,63.146,29.1739429753928,316.04,53.17
2019-05-15,237.016,63.296,29.3619844251635,316.18,53.48
2019-05-16,237.2897,64.118,29.8232267889958,316.69,53.78
2019-05-17,237.5793,63.904,29.7395842084096,317.02,53.44
2019-05-20,237.1612,63.233,29.4700692265209,317.25,53.43
2019-05-21,237.0506,63.555,29.5955330974002,317.44,53.47
2019-05-22,237.3108,63.459,29.5908862873676,317.52,52.84
2019-05-23,237.636,62.584,29.2702563951207,316.91,52.13
2019-05-24,238.0201,62.705,29.4654224164884,316.87,52.39
2019-05-27,238.0456,62.77,29.6001799074327,,52.87
2019-05-28,238.0531,62.692,29.405013886065,316.95,52.93
2019-05-29,238.76,61.593,29.0890308038507,316.56,52.85
2019-05-30,238.5373,61.773,29.2191414847625,,52.69
2019-05-31,239.0176,61.382,28.9542733129063,316.02,52.2
2019-06-03,239.5595,61.136,29.1262052841112,315.81,51.56
2019-06-04,240.0676,61.839,29.2795500151858,316.35,51.74
2019-06-05,240.4215,62.426,29.3353117355766,317.07,51.03
2019-06-06,240.9797,62.863,29.405013886065,317.53,51.07
2019-06-07,242.21,63.756,29.6605884378561,317.98,51.35
2019-06-10,241.1928,64.282,29.8092863588981,,51.61
2019-06-11,241.5922,64.066,29.9301034197448,318.92,51.67
2019-06-12,241.1797,63.841,29.8557544592237,318.61,51.59
2019-06-13,241.5356,63.976,29.8882821294517,318.79,51.74
2019-06-14,242.2023,64.001,29.7906991187679,318.87,51.9
2019-06-17,242.0498,64.126,29.767465068605,319,51.77
2019-06-18,244.1687,64.79,30.2925546022848,320.24,52.23
2019-06-19,243.6748,64.656,30.2879077922522,321.31,52
2019-06-20,244.3136,65.151,30.4226652831966,322.9,52.69
2019-06-21,243.5596,65.524,30.2832609822196,322.7,52.74
2019-06-24,244.0092,65.357,30.2460865019591,322.73,52.72
2019-06-25,244.4071,64.942,30.236792881894,322.43,53.23
2019-06-26,244.1894,64.679,30.1159758210473,322.2,53.39
2019-06-27,244.397,64.617,30.1113290110148,322.59,53.25
2019-06-28,244.573,64.932,30.3204354624801,323.07,53.38
2019-07-01,245.6481,65.593,30.5388355340106,323.84,52.71
2019-07-02,246.1012,65.537,30.6921802650853,324.24,52.07
2019-07-03,247.8861,66.141,30.9152271466483,324.93,52.34
2019-07-04,247.7571,66.368,30.9152271466483,325.4,52.39
2019-07-05,246.6901,65.908,30.7432951754435,325.54,52.43
2019-07-08,246.3324,65.815,30.7247079353132,325.11,52.48
2019-07-09,246.2267,65.805,30.6131844945317,324.48,52.31
2019-07-10,245.6264,66.17,30.5388355340106,324.48,53.25
2019-07-11,244.9347,66.393,30.4273120932291,324.78,53.43
2019-07-12,244.1134,66.513,30.3250822725127,324.8,53.56
2019-07-15,245.3618,66.597,30.3669035628058,324.69,53.45
2019-07-16,245.703,66.62,30.4691333835222,324.64,53.34
2019-07-17,246.3068,66.228,30.4133716631314,324.3,52.72
2019-07-18,246.8319,65.831,30.3808439929035,323.84,52.13
2019-07-19,246.8727,66.285,30.3947844230012,324.05,52.49
2019-07-22,246.7362,65.858,30.4273120932291,324.11,52.49
2019-07-23,247.0058,66.121,30.7340015553783,324.51,52.28
2019-07-24,247.8702,66.463,30.673593024955,325.08,52.87
2019-07-25,247.4834,66.529,30.4551929534245,325.89,52.64
2019-07-26,247.4804,66.794,30.641065354727,325.92,52.22
2019-07-29,247.6569,66.762,30.6782398349875,326.02,52.43
2019-07-30,247.6821,66.623,30.311141842415,325.37,52.35
2019-07-31,248.8025,66.639,30.3204354624801,325.39,52.46
2019-08-01,248.8911,66.566,30.4412525233268,325.44,51.77
2019-08-02,249.8547,64.533,29.6652352478886,324.82,51.02
2019-08-05,250.0668,63.392,29.0239754633948,323.93,50.7
2019-08-06,250.6867,62.983,28.8055753918643,324.06,50.52
2019-08-07,252.0952,63.17,28.8799243523853,324.16,49.53
2019-08-08,250.8141,64.56,29.4700692265209,324.51,50.41
2019-08-09,249.6814,64.181,29.2423755349253,324.61,50.64
2019-08-12,250.2702,63.876,29.2005542446322,324.6,50.48
2019-08-13,251.1791,64.493,29.4236011261953,324.32,50.98
2019-08-14,252.4394,63.344,29.0100350332971,,50.25
2019-08-15,254.2854,62.874,28.9775073630691,,
2019-08-16,253.52,63.779,29.3180017348018,324.05,50.15
2019-08-19,252.4147,64.651,29.6043286809791,324.52,50.17
2019-08-20,253.2882,64.475,29.4588182657087,324.97,50.03
2019-08-21,253.1271,64.645,29.754532980613,325.63,50.39
2019-08-22,252.5028,64.407,29.6137164497062,326.22,50.13
2019-08-23,252.7453,63.574,29.3508589253468,326.51,49.7
2019-08-26,252.8617,63.352,29.4024916533459,,49.875
2019-08-27,254.3816,63.568,29.5573898373435,326.7,49.7
2019-08-28,255.495,63.659,29.5339204155257,326.79,50.3
2019-08-29,255.1437,64.532,29.8671862053385,327.16,50.43
2019-08-30,254.8829,64.501,30.0408599267902,327.34,49.95
2019-09-02,254.665,64.325,30.1488192671521,327.32,49.79
2019-09-03,255.6162,64.094,30.0784110016987,327.18,49.35
2019-09-04,255.0339,64.715,30.3037174511496,327.29,50.45
2019-09-05,252.8254,65.782,30.4304523289658,327.41,50.91
2019-09-06,253.9792,65.785,30.524330016237,327.26,50.47
2019-09-09,252.5855,65.856,30.4163706758751,327.12,51
2019-09-10,251.7088,65.328,30.4398400976929,326.86,51.27
2019-09-11,252.2928,66.01,30.6651465471438,326.65,51.09
2019-09-12,252.4003,66.458,30.7120853907795,327.42,50.68
2019-09-13,251.0433,66.477,30.7214731595066,327.68,51.13
2019-09-16,251.6181,66.123,30.5431055536913,327.63,52.34
2019-09-17,251.1379,66.174,30.5947382816904,327.35,51.84
2019-09-18,252.2246,66.127,30.5524933224184,327.09,51.53
2019-09-19,251.9318,66.649,30.79188142496,327.01,51.75
2019-09-20,252.1782,66.424,30.9373918402304,327.18,51.73
2019-09-23,253.7281,66.026,30.7965753093235,326.93,51.68
2019-09-24,254.1663,66.009,30.7684120031422,326.68,51.5
2019-09-25,253.8655,65.581,30.6463710096896,326.02,51.18
2019-09-26,254.052,65.487,30.8857591122312,326.07,50.95
2019-09-27,253.8928,65.823,31.0031062213202,326.23,51.11
2019-09-30,253.7455,65.692,31.1204533304093,326.13,50.89
2019-10-01,253.4301,65.329,30.6839220845981,326.33,50.8
2019-10-02,252.9777,63.624,29.8108595929758,325.88,50.45
2019-10-03,253.7945,63.759,29.8531045522478,325.39,50.39
2019-10-04,253.6501,64.752,30.1018804235165,324.91,50.57
2019-10-07,253.4346,65.138,30.3365746416946,324.63,50.72
2019-10-08,253.7332,63.874,30.0126966206089,324.32,50.57
2019-10-09,253.0193,64.246,30.1816764576971,324.45,50.9
2019-10-10,251.6692,64.968,30.3929012540573,324.75,50.91
2019-10-11,251.27,65.98,30.8951468809583,325.6,51.47
2019-10-14,251.7436,65.462,30.749636465688,325.62,51.18
2019-10-15,251.221,66.071,30.9608612620482,325.79,51.32
2019-10-16,250.795,65.922,30.942085724594,326.07,51.15
2019-10-17,251.1476,66.042,30.8763713435041,326.36,51.17
2019-10-18,250.5794,65.905,30.7637181187786,326.37,51.37
2019-10-21,249.721,66.147,30.942085724594,326.37,51.12
2019-10-22,250.3856,66.318,31.059432833683,326.54,51.36
2019-10-23,250.8438,66.105,31.1157594460457,326.41,51.57
2019-10-24,251.0453,66.35,31.4161680453136,326.17,51.84
2019-10-25,250.4363,66.642,31.4302496984043,326.02,52.06
2019-10-28,249.4148,66.905,31.4208619296772,326,51.92
2019-10-29,249.9037,67.045,31.4020863922229,325.88,52.03
2019-10-30,249.914,66.851,31.5006579638577,325.66,51.83
2019-10-31,250.9203,66.633,31.3082087049517,,51.27
2019-11-01,250.0916,67.347,31.444331351495,,51.81
2019-11-04,249.5918,67.822,31.7635154882171,326.23,52.43
2019-11-05,249.2662,67.724,31.8010665631256,326.7,52.46
2019-11-06,249.4238,67.708,31.9371892096689,326.76,52.24
2019-11-07,247.7821,68.114,31.9982097063952,326.96,52.17
2019-11-08,247.9518,67.875,31.9794341689409,,51.87
2019-11-11,247.2335,67.836,31.9606586314867,,51.83
2019-11-12,247.3298,68.256,32.1108629311207,326.37,51.77
2019-11-13,247.8381,68.067,32.0873935093028,326.05,51.75
2019-11-14,247.955,68.049,31.9302896903477,325.88,51.65
2019-11-15,248.2075,68.584,31.9821858467593,325.67,51.78
2019-11-18,248.4782,68.696,32.0104928411656,325.64,51.25
2019-11-19,248.3017,68.698,31.9444431875509,325.54,51.07
2019-11-20,248.6208,68.586,31.788754718316,325.33,51.4
2019-11-21,248.2037,68.22,31.7321407295033,325.22,51.41
2019-11-22,248.7423,68.298,31.8548043719308,325.33,51.47
2019-11-25,248.7454,68.889,32.1661813104005,325.73,51.47
2019-11-26,249.0479,69.067,32.1142851539889,326.45,51.62
2019-11-27,248.7962,69.282,32.2275131316142,326.93,51.6
2019-11-28,248.6273,69.358,32.1944883048068,327.23,51.51
2019-11-29,248.5491,69.256,32.0812603271815,327.46,51.09
2019-12-02,247.0168,68.524,31.533991768659,327.55,50.99
2019-12-03,248.4289,67.736,31.3122536458093,327.3,50.83
2019-12-04,247.8403,68.595,31.6849624054928,327.36,51.22
2019-12-05,247.1606,68.453,31.6047592546748,327.7,51.44
2019-12-06,247.044,69.302,32.0152106735667,327.98,51.58
2019-12-09,247.563,69.212,31.8972648635403,328.25,51.74
2019-12-10,247.6009,69.044,31.868957869134,328.45,51.93
2019-12-11,248.1417,69.011,31.9255718579466,328.56,51.72
2019-12-12,247.3449,69.554,32.0246463383688,328.75,52.12
2019-12-13,248.3365,69.533,32.2794092880258,329.46,52.27
2019-12-16,247.7756,70.281,32.713449868923,329.7,52.72
2019-12-17,248.2644,70.251,32.4539690868649,329.72,52.86
2019-12-18,247.3576,70.321,32.4917117460734,329.79,52.82
2019-12-19,247.0007,70.439,32.5860683940945,329.88,53.09
2019-12-20,247.0186,70.933,32.9304701593716,329.93,52.98
2019-12-23,246.9417,70.971,32.963494986179,330.05,52.97
2019-12-24,246.965,70.99,32.9776484833821,,
2019-12-25,,,,,
2019-12-26,,,,,
2019-12-27,247.2267,71.318,33.0342624721948,330.16,53.55
2019-12-30,246.1738,70.819,32.6474002153082,330.17,53.5
2019-12-31,246.3738,70.8,32.5907862264955,,
2020-01-01,,,,,
2020-01-02,246.569,71.128,32.9870841481843,,53.19
2020-01-03,247.7501,71.155,32.9493414889758,330.49,53.47
2020-01-06,247.5701,71.052,32.8502670085536,,53.63
2020-01-07,247.4227,71.237,32.8502670085536,330.04,53.49
2020-01-08,247.0759,71.364,32.8974453325642,,53.17
2020-01-09,246.6689,71.908,33.0295446397938,330.01,52.97
2020-01-10,247.0702,72.003,33.0012376453874,330.18,53.18
2020-01-13,246.1124,72.033,32.9021631649652,330.2,52.88
2020-01-14,246.3038,72.206,32.9399058241737,330.15,53.14
2020-01-15,246.8187,72.443,33.0106733101895,330.21,53.04
2020-01-16,246.6133,72.624,33.0625694666012,330.5,52.97
2020-01-17,246.8645,73.015,33.4116890642793,330.84,52.83
2020-01-20,246.9642,73.037,33.3503572430656,331.09,53.17
2020-01-21,247.4027,73.082,33.298461086654,330.94,52.73
2020-01-22,247.6342,73.174,33.1993866062318,330.88,52.35
2020-01-23,248.7842,72.653,33.0201089749917,330.69,51.64
2020-01-24,249.1343,72.822,33.3314859134614,330.65,50.97
2020-01-27,250.7723,71.285,32.5671970644903,329.51,50.04
2020-01-28,250.435,72.003,32.8691383381579,329.65,50.36
2020-01-29,251.0762,72.133,33.0389803045959,330.15,50.08
2020-01-30,251.6655,71.466,32.6992963717199,329.83,49.65
2020-01-31,252.3739,71.169,32.2982806176301,329.84,49.425
2020-02-03,251.812,71.405,32.3454589416406,329.56,48.78
2020-02-04,251.4971,72.5,32.9163166621684,330.19,49.095
2020-02-05,250.8521,72.947,33.3692285726698,330.82,49.585
2020-02-06,250.8078,73.457,33.5060457123004,331.41,49.625
2020-02-07,251.2211,73.324,33.4494317234878,331.39,49.575
2020-02-10,251.69,73.322,33.4635852206909,331.2,49.19
2020-02-11,251.74,73.894,33.6900411759416,331.74,49.475
2020-02-12,251.5303,74.175,33.807986985968,332.11,49.885
2020-02-13,251.8079,74.242,33.8105408665202,332.16,50.15
2020-02-14,251.8447,74.225,33.7348703316392,332.39,49.99
2020-02-17,251.9374,74.459,33.8625643592509,332.56,50.1
2020-02-18,251.9049,73.794,33.7679761906497,332.53,49.995
2020-02-19,252.1332,74.481,34.0280936543031,332.7,50.49
2020-02-20,252.9427,73.532,33.7821644159399,332.89,50.55
2020-02-21,252.9659,73.469,33.5835292618772,332.73,50.2
2020-02-24,253.174,71.177,32.3491536616308,330.84,49.05
2020-02-25,253.4588,70.006,31.7201423404324,330.24,49
2020-02-26,252.8853,69.602,31.7532481994429,328.93,48.505
2020-02-27,252.8342,66.881,30.6938607111088,327.45,47.505
2020-02-28,253.4235,63.983,29.4594851108623,324.03,46.64
2020-03-02,253.4953,66.074,29.6108261806243,324.04,47.57
2020-03-03,254.8542,66.756,30.0175553056097,326.13,47.75
2020-03-04,254.6425,67.051,30.6560254436682,326.91,47.9
2020-03-05,254.6287,67.276,30.258755135543,326.17,47.76
2020-03-06,254.73,64.785,29.1142382954677,322.37,46.145
2020-03-09,254.8576,61.573,26.9103339670584,313.56,43.79
2020-03-10,254.0371,60.633,26.6454870949748,314.26,44.595
2020-03-11,255.1918,60.977,26.6171106443945,312.43,44.45
2020-03-12,255.61,55.159,23.6943362346155,302.83,42.6
2020-03-13,247.2986,55.77,24.1152535848911,301.09,42.355
2020-03-16,245.7206,55.154,23.2308542084694,290.81,40.64
2020-03-17,242.4943,54.936,24.0774183174506,285.05,40.24
2020-03-18,239.38,52.024,22.8950662099349,276.45,38.7
2020-03-19,246.1901,52.048,23.8220302622272,273.46,38.89
2020-03-20,246.01,51.682,24.2334887956427,275.28,39.5
2020-03-23,246.145,48.516,23.1693718988785,272.79,38.55
2020-03-24,244.565,53.013,25.0564058624737,275,39.88
2020-03-25,243.975,54.875,25.8462170702942,281.14,39.9
2020-03-26,247.335,56.91,26.3759108144612,285.34,40.04
2020-03-27,248.69,55.958,25.5577231560603,288.16,39.735
2020-03-30,246.72,57.148,26.1820050688287,287.39,39.335
2020-03-31,246.5,57.866,26.4894166167827,289.78,39.685
2020-04-01,246.36,54.87,25.7800053522733,289.84,38.765
2020-04-02,246.565,54.825,26.0022875484863,290.24,39.08
2020-04-03,245.99,54.597,25.7989229859935,290.4,39.7
2020-04-06,246.16,57.093,26.6738635455552,291.63,39.84
2020-04-07,244.43,59.565,26.9245221923485,294.41,40.64
2020-04-08,244.045,59.484,26.8252046153172,296.06,40.525
2020-04-09,245.1465,61.103,27.0853220789707,300.68,40.9
2020-04-10,,,,,
2020-04-13,,,,,
2020-04-14,244.4801,61.738,27.3076042751836,306.31,40.775
2020-04-15,245.0141,60.79,26.5508989263736,306.93,40.065
2020-04-16,245.4809,61.097,26.7495340804362,305.57,40.115
2020-04-17,245.7676,62.192,27.3738159932045,305.58,40.24
2020-04-20,244.32,62.657,27.6717687242985,305.03,39.915
2020-04-21,243.27,59.929,26.6785929539853,303.05,38.145
2020-04-22,242.58,61.148,27.2508513740229,302.63,38.255
2020-04-23,243.765,62.04,27.3785454016346,303.88,39.05
2020-04-24,245.18,61.248,27.1278867548412,304.01,37.91
2020-04-27,245.68,62.993,27.5913687809874,304.94,37.34
2020-04-28,246.22,63.166,28.0264743565532,305.42,37.61
2020-04-29,246.65,64.277,28.3338859045073,305.49,38.015
2020-04-30,248.045,63.811,27.6623099074384,305.94,38.615
2020-05-01,,,,,
2020-05-04,247.2455,61.672,26.8252046153172,303.86,38.015
2020-05-05,246.87,63.323,27.4494865280855,303.56,39.39
2020-05-06,245.255,62.766,27.3643571763444,303.63,38.875
2020-05-07,245.37,63.293,27.5913687809874,303.82,39.72
2020-05-08,246.408,63.949,27.8278392024906,,39.755
2020-05-11,245.6219,64.022,27.7663568928997,304.41,39.495
2020-05-12,245.7662,64.115,27.8278392024906,304.45,39.21
2020-05-13,246.8126,62.229,27.3407101341941,303.93,38.975
2020-05-14,246.6615,61.388,26.8588007158674,302.27,39.16
2020-05-15,246.2865,62.045,26.9639793587561,301.73,39.66
2020-05-18,246.52,64.744,27.9297105343712,302.61,41.215
2020-05-19,246.984,64.846,27.7576000278259,304.23,41.065
2020-05-20,247.1533,65.284,27.9918615506236,305.46,41.63
2020-05-21,247.4829,64.574,27.7050107063815,,41.405
2020-05-22,247.4329,64.443,27.6046129108968,306.86,40.95
2020-05-25,247.5321,65.633,28.1591912097648,,41.31
2020-05-26,246.9192,65.934,28.0779168038962,308.54,41.615
2020-05-27,247.6753,65.577,28.1687529045729,311.57,40.84
2020-05-28,248.2499,66.827,28.6420567975723,312.77,41.065
2020-05-29,248.4363,66.026,28.1735337519769,312.87,41.24
2020-06-01,247.672,66.77,28.6516184923804,,41.79
2020-06-02,247.9431,67.035,28.8571949307539,314.5,42.385
2020-06-03,246.8674,68.331,29.6125688205914,316.14,42.53
2020-06-04,247.421,68.252,29.3304988237534,317.48,42.695
2020-06-05,246.7555,70.195,30.0858727135908,320.2,43.815
2020-06-08,247.5129,70.26,29.9902557655102,321.52,43.595
2020-06-09,246.9694,70.251,29.7177474634802,320.18,43.55
2020-06-10,246.7153,69.864,29.6842815316519,318.65,43.875
2020-06-11,248.1328,67.485,28.5225356124715,315.72,42.84
2020-06-12,248.646,66.413,28.5751249339159,315.69,42.805
2020-06-15,248.7427,66.037,28.4651654436231,314.97,42.64
2020-06-16,249.005,68.454,29.3018137393291,318.28,43.27
2020-06-17,248.9244,68.417,29.6555964472277,318.28,43.305
2020-06-18,249.6926,68.221,29.42133492443,317.49,43.53
2020-06-19,249.9311,68.617,29.7512133953084,317.26,43.97
2020-06-22,250.5869,67.957,29.4595817036623,316.36,43.965
2020-06-23,249.92,68.981,29.827706953773,316.5,44.105
2020-06-24,250.5092,66.901,29.000620352875,316.29,43.205
2020-06-25,250.8555,66.588,29.2348818756727,315.55,43.07
2020-06-26,250.9475,66.327,29.1057989957637,315.47,42.835
2020-06-29,250.8549,66.606,29.2157584860565,315.11,43.33
2020-06-30,250.8123,67.372,29.1583883172081,315.23,43.65
2020-07-01,249.808,68.037,29.2444435704807,315.61,43.935
2020-07-02,250.624,68.887,29.837268648581,316.36,44.23
2020-07-03,250.494,68.461,29.5504178043389,316.72,44.26
2020-07-06,250.8153,69.653,29.9854749181061,317.4,44.79
2020-07-07,250.9912,69.606,29.7846793271366,317.46,44.82
2020-07-08,251.3201,68.911,29.6269113628035,317.19,44.94
2020-07-09,251.5886,68.522,29.42133492443,317.31,44.905
2020-07-10,251.6951,69.198,29.6651581420358,316.86,45.125
2020-07-13,250.6583,70.702,29.9424472914698,316.86,45.17
2020-07-14,251.4364,69.421,29.7225283108842,,44.965
2020-07-15,251.4369,70.581,30.2101747460958,317.63,44.96
2020-07-16,251.8136,70.197,30.0476259343586,318.09,45.085
2020-07-17,251.5844,70.471,30.1432428824393,318.4,44.975
2020-07-20,252.388,70.834,30.2627640675401,319.02,44.895
2020-07-21,252.3829,71.633,30.3249150837926,320.36,45.675
2020-07-22,253.0475,71.355,29.9615706810859,320.72,45.33
2020-07-23,253.2529,71.669,29.9806940707021,321.71,45.62
2020-07-24,252.6167,70.481,29.4404583140462,321.77,45.375
2020-07-27,253.2662,70.509,29.3591839081776,321.79,45.45
2020-07-28,253.2529,70.799,29.5265135673188,321.7,45.62
2020-07-29,253.1369,70.91,29.4691433984704,321.75,45.785
2020-07-30,253.9584,70.654,28.8954417099862,321.28,45.255
2020-07-31,253.4917,70.871,28.5081930702594,321.16,45.595
2020-08-03,253.4599,71.997,29.0962373009557,321.11,46.21
2020-08-04,254.3392,72.115,29.0675522165314,321.53,46.225
2020-08-05,253.6748,72.7,29.0532096743193,322.25,47.015
2020-08-06,254.3764,72.597,28.8046056093095,322.82,46.72
2020-08-07,254.136,73.123,28.8619757781579,323.07,46.22
2020-08-10,254.4938,73.215,28.9480310314306,323.4,46.415
2020-08-11,253.6638,73.769,29.3830881451977,324.09,46.465
2020-08-12,253.2339,73.811,29.7894601745407,324.74,46.47
2020-08-13,252.2681,73.856,29.8245020176424,325.12,46.585
2020-08-14,252.3624,73.792,29.4692166639727,324.7,46.7
2020-08-17,253.1488,73.906,29.5568212717268,324.44,47.18
2020-08-18,253.2985,74.005,29.3913459015245,324.32,47.33
2020-08-19,253.6671,74.262,29.6833612607051,324.31,47.535
2020-08-20,253.9391,73.772,29.3864789788715,324.46,47.16
2020-08-21,253.7776,74.007,29.2891405258113,324.61,46.77
2020-08-24,253.6816,74.768,29.7660989458062,324.85,47.125
2020-08-25,252.184,75.052,29.654159724787,325.25,47.455
2020-08-26,252.1691,75.569,29.8439697082544,325.22,47.525
2020-08-27,251.8514,76.369,29.649292802134,325.33,47.465
2020-08-28,251.7839,76.31,29.4497489733606,325.38,47.815
2020-08-31,251.385,76.38,29.1918020727511,,47.875
2020-09-01,251.8749,76.655,29.1723343821391,325.53,48.125
2020-09-02,253.2794,77.495,29.7466312551942,326.01,47.575
2020-09-03,253.4641,75.903,29.3670112882595,326.49,46.865
2020-09-04,253.01,73.755,28.9825243986717,326.32,46.915
2020-09-07,252.5465,75.021,29.4740835866257,326.18,46.985
2020-09-08,253.1179,73.272,29.133399000915,326.02,46.015
2020-09-09,252.6973,74.243,29.649292802134,325.66,46.37
2020-09-10,252.4591,74.281,29.4400151280546,325.85,46.45
2020-09-11,253.3644,73.136,29.5519543490738,325.65,46.48
2020-09-14,253.5992,74.219,29.5519543490738,325.58,46.57
2020-09-15,253.7823,74.585,29.7660989458063,325.66,46.7
2020-09-16,254.0848,74.714,29.8439697082544,325.84,47.19
2020-09-17,254.2654,73.438,29.654159724787,325.68,47.57
2020-09-18,254.0508,72.779,29.4594828186667,325.68,47.84
2020-09-21,254.8569,70.51,28.617505199696,324.38,46.705
2020-09-22,254.9515,71.436,28.6710413488791,323.19,46.915
2020-09-23,255.0356,71.872,28.8608513323465,323.39,46.62
2020-09-24,254.7714,70.722,28.5737028958189,321.83,46.27
2020-09-25,255.0411,71.223,28.5347675145948,320.63,46.475
2020-09-28,255.1164,73.072,29.10906438765,320.98,46.525
2020-09-29,255.5678,72.899,28.8949197909176,321.26,46.22
2020-09-30,255.0009,73.705,28.7197105754092,321.58,46.55
2020-10-01,255.2969,73.911,28.7489121113273,322.66,45.935
2020-10-02,255.6715,73.177,28.8267828737754,322.81,46.055
2020-10-05,255.226,74.075,28.9679236307127,323.44,46.635
2020-10-06,255.2831,74.317,28.9192544041826,324.03,47.165
2020-10-07,255.0953,74.355,28.8413836417344,324.27,47.08
2020-10-08,255.8099,74.895,29.0555282384669,324.7,47.405
2020-10-09,256.2444,75.738,29.2502051445872,324.91,47.83
2020-10-12,256.7367,77.034,29.4546158960137,325.26,47.425
2020-10-13,257.0662,77.015,29.3280759070354,325.37,47.365
2020-10-14,257.2357,76.582,29.1674674594861,325.12,47.63
2020-10-15,257.4547,75.629,28.5055659786768,324.12,47.56
2020-10-16,257.8271,76.434,28.9289882494886,324.26,47.825
2020-10-19,257.32,76.233,28.8803190229585,324.64,47.925
2020-10-20,256.9861,75.131,28.612638277043,324.67,47.955
2020-10-21,256.5148,75.152,28.2330183101083,324.86,47.97
2020-10-22,255.9761,74.937,28.1940829288842,324.84,48.225
2020-10-23,256.3478,75.364,28.3790259896985,325.04,47.95
2020-10-26,256.5932,73.914,27.8290637299085,324.68,47.315
2020-10-27,257.1671,74.149,27.585717597258,324.47,47.585
2020-10-28,256.9863,72.079,26.7778084368584,322.91,46.62
2020-10-29,257.6993,72.052,26.7778084368584,322.19,46.01
2020-10-30,257.485,71.31,26.7486069009404,321.68,46.005
2020-11-02,257.725,72.265,27.2791014701184,321.84,46.275
2020-11-03,257.7128,73.915,27.9410029509277,323.15,46.93
2020-11-04,258.02,75.673,28.612638277043,323.95,47.215
2020-11-05,258.205,76.766,28.8073151831634,326.44,47.675
2020-11-06,257.93,76.513,28.7294444207152,326.98,47.51
2020-11-09,255.755,78.744,29.8975058574375,329.68,48.215
2020-11-10,255.48,77.163,30.2187227525361,329.92,48.51
2020-11-11,255.9975,77.958,30.632411178042,,48.915
2020-11-12,256.695,77.629,30.3011871828378,329.94,48.8
2020-11-13,257.1235,77.64,30.2279723297865,329.81,48.53
2020-11-16,257.3455,79.023,30.5208317419917,330.82,48.99
2020-11-17,257.76,78.767,30.442735898737,331.29,48.935
2020-11-18,257.626,78.835,30.5061887713815,331.6,49.495
2020-11-19,257.8,77.667,30.257258271007,331.7,49.145
2020-11-20,258.03,78.038,30.3988069869062,332.17,49.4
2020-11-23,257.87,77.542,30.3060681730412,332.72,49.65
2020-11-24,257.77,79.138,30.569641644026,333.65,50.29
2020-11-25,257.8977,79.053,30.5501176832123,334.04,50.28
2020-11-26,258.17,79.137,30.5647606538225,334.21,50.34
2020-11-27,258.1378,79.326,30.5891656048396,334.27,50.67
2020-11-30,257.62,78.449,30.2719012416173,334.3,50.34
2020-12-01,256.795,79.983,30.4573788693473,334.64,50.51
2020-12-02,256.8037,79.813,30.4915458007712,335.29,50.53
2020-12-03,257.5068,80.165,30.4085689673131,335.77,50.37
2020-12-04,257.2243,80.445,30.6672614480944,336.4,50.61
2020-12-07,257.98,80.494,30.6330945166704,336.66,50.72
2020-12-08,258.48,80.55,30.6623804578909,336.67,50.47
2020-12-09,258.47,80.472,30.7404763011457,336.8,50.67
2020-12-10,258.49,80.119,30.7355953109423,336.71,51.63
2020-12-11,259.11,79.461,30.5110697615849,336.36,51.15
2020-12-14,258.895,80.067,30.4720218399575,336.41,51.07
2020-12-15,259,79.907,30.4769028301609,336.39,51.52
2020-12-16,258.14,80.666,30.7502382815525,336.63,51.83
2020-12-17,258.304,80.954,30.8478580856209,336.93,52.18
2020-12-18,258.0225,80.588,30.720952340332,337.09,52.55
2020-12-21,258.1758,79.772,29.944874897988,336.46,51.83
2020-12-22,258.44,80.319,30.2670202514138,336.48,51.76
2020-12-23,257.5445,80.664,30.4964267909746,336.63,52.31
2020-12-24,257.6842,80.577,30.5501176832123,336.74,
2020-12-25,,,,,
2020-12-28,258.0263,81.371,30.813691154197,,52.31
2020-12-29,258.29,81.516,31.0235737329441,336.84,52.3
2020-12-30,258.1951,81.45,30.9113109582654,337,52.59
2020-12-31,258.24,81.287,30.7990481835867,337.08,
2021-01-01,,,,,
2021-01-04,258.473,80.612,31.0089307623338,337.59,52.97
2021-01-05,258.1059,80.833,30.965001850503,337.69,53.95
2021-01-06,257.639,82.116,31.4531008708451,337.87,54.21
2021-01-07,257.65,82.785,31.4921487924725,338.26,54.25
2021-01-08,257.9858,82.974,31.6776264202025,338.49,54.28
2021-01-11,257.3225,82.969,31.5995305769478,338.33,53.83
2021-01-12,256.335,82.78,31.5409586945067,337.72,54.48
2021-01-13,257.3853,82.938,31.555601665117,337.5,54.93
2021-01-14,257.5131,83.115,31.8484610773222,337.5,55.12
2021-01-15,257.3475,82.23,31.6288165181683,337.37,54.77
2021-01-18,256.8816,82.191,31.6190545377614,337.07,54.8
2021-01-19,257.206,82.38,31.6336975083717,337.15,54.77
2021-01-20,257.097,83.624,31.8240561263051,337.58,54.83
2021-01-21,256.1749,83.879,31.7459602830504,338.09,54.79
2021-01-22,256.109,83.608,31.6629834495922,337.98,54.64
2021-01-25,257.0796,83.266,31.4823868120657,337.71,54.23
2021-01-26,256.9439,83.92,31.6971503810162,337.33,54.69
2021-01-27,257.025,82.447,31.3457190863699,336.87,54.89
2021-01-28,256.9413,82.994,31.2871472039288,336.27,54.42
2021-01-29,256.5724,81.261,30.5305937223986,336.5,54.39
2021-02-01,256.5193,81.82,30.8966679876551,337.03,54.5
2021-02-02,255.9638,83.519,31.2627422529117,337.64,54.93
2021-02-03,255.8875,83.452,31.3554810667767,338.44,55.16
2021-02-04,256.0108,83.999,31.5360777043033,338.69,55.17
2021-02-05,255.7525,84.641,31.4384579002349,339.02,55.92
2021-02-08,255.7841,84.886,31.5311967140999,339.12,56.45
2021-02-09,255.7833,85.13,31.5360777043033,338.99,56.74
2021-02-10,255.6121,85.083,31.5116727532862,339.06,56.83
2021-02-11,256.0452,85.303,31.6452195912583,339.28,56.88
2021-02-12,255.1721,85.45,31.8947026951621,339.2,57.11
2021-02-15,254.3961,86.134,32.2566977871011,339.24,57.53
2021-02-16,253.7506,85.685,32.2077795314337,340.5,57.54
2021-02-17,253.7637,85.152,32.0365656365977,340.36,57.67
2021-02-18,252.7299,84.908,31.840892613928,340.41,58.24
2021-02-19,252.5622,85.547,31.8751353928952,340.38,58.55
2021-02-22,253.216,84.585,31.7430561025931,340.21,59.13
2021-02-23,252.4759,84,31.6109768122911,340.03,59.46
2021-02-24,251.862,85.031,31.7479479281599,339.96,60.13
2021-02-25,250.3904,84.682,31.5522749054901,339.68,60.23
2021-02-26,251.3705,83.572,31.1022269533498,338.45,59.08
2021-03-01,253.125,84.84,31.6745705446587,338.75,58.87
2021-03-02,253.0215,84.412,31.7381642770264,339.12,58.88
2021-03-03,251.8309,84.203,31.7234888003261,339.25,58.85
2021-03-04,251.97,83.257,31.7381642770264,339,59.03
2021-03-05,251.7584,81.42,31.5180321265229,338.4,59.19
2021-03-08,251.6154,84.313,32.2371304848341,337.99,59.37
2021-03-09,252.1965,84.771,32.4230198563703,337.9,58.87
2021-03-10,252.3298,85.037,32.5991255767731,338.1,58.87
2021-03-11,253.2369,86.175,32.6871784369744,339.17,59.61
2021-03-12,252.3352,85.533,32.5502073211056,339.29,59.67
2021-03-15,252.98,85.915,32.5648827978059,339.24,59.54
2021-03-16,252.7921,86.511,32.8339332039767,339.32,59.41
2021-03-17,251.5803,85.945,32.7556639949088,339.24,59.4
2021-03-18,251.2813,86.369,32.9366615408783,338.91,58.68
2021-03-19,251.731,85.471,32.7458803437754,338.66,58.47
2021-03-22,251.9454,85.94,32.7947985994428,338.63,58.55
2021-03-23,252.7061,85.824,32.7165293903749,338.82,57.9
2021-03-24,253.0615,85.765,32.7263130415084,339.02,58.34
2021-03-25,253.5218,84.849,32.7263130415084,339.2,57.25
2021-03-26,252.8856,85.863,32.9757961454123,339.3,58.27
2021-03-29,252.3156,86.279,33.1959282959157,339.34,57.82
2021-03-30,251.5604,86.369,33.3475748884847,339.29,57.56
2021-03-31,251.8373,86.821,33.2644138538501,339.6,57.56
2021-04-01,252.3772,87.354,33.3720340163184,340.11,57.71
2021-04-02,,,,,
2021-04-05,,,,,
2021-04-06,251.9383,89.01,33.626408945789,340.7,58.56
2021-04-07,251.9573,88.862,33.5090051321872,340.98,58.15
2021-04-08,252.3011,89.222,33.7584882360911,341.19,58.64
2021-04-09,251.4319,89.491,33.7682718872246,341.19,58.58
2021-04-12,251.2578,89.853,33.6117334690888,341.22,58.31
2021-04-13,251.0828,90.122,33.5872743412551,341.07,58.63
2021-04-14,250.5185,90.315,33.6851108525899,341.06,59.74
2021-04-15,251.3358,90.629,33.9248103053603,341.29,60.12
2021-04-16,250.8722,91.013,34.2183198393649,341.53,60.17
2021-04-19,250.366,90.75,34.1938607115312,341.55,60.28
2021-04-20,250.5959,89.881,33.6117334690888,341.09,60.19
2021-04-21,250.8529,90.546,33.9737285610278,340.86,60.61
2021-04-22,250.9108,90.957,34.1938607115312,340.93,60.82
2021-04-23,250.7244,90.91,34.0715650723626,340.88,61.16
2021-04-26,250.5925,91.263,34.0862405490628,340.84,61.84
2021-04-27,250.3382,91.129,34.0471059445289,340.88,62.44
2021-04-28,249.9754,91.22,34.0862405490628,340.91,62.54
2021-04-29,249.1328,91.286,34.0373222933954,341.1,62.27
2021-04-30,249.16,91.106,33.9835122121613,341.18,62.03
2021-05-03,249.3125,91.434,34.1987525370979,,62.85
2021-05-04,249.8632,90.152,33.7535964105244,341.22,63.7
2021-05-05,249.583,91.047,34.3895337342009,341.15,63.77
2021-05-06,249.3015,90.977,34.4286683387348,341.06,64.22
2021-05-07,248.7218,92.252,34.7026105704724,341,64.87
2021-05-10,248.84,92.181,34.7417451750064,341.04,64.64
2021-05-11,247.8577,90.378,34.1009160257631,340.73,65.09
2021-05-12,247.132,89.289,34.3601827808004,340.45,65.44
2021-05-13,246.8257,89.569,34.3695787807549,,63.75
2021-05-14,246.8661,90.753,34.7355282526651,340.26,63.76
2021-05-17,246.3397,90.468,34.740473515799,340.4,64.29
2021-05-18,246.4125,90.662,34.7108019369955,340.48,64.64
2021-05-19,246.4125,89.038,34.112425097791,340.17,62.72
2021-05-20,246.9378,90.648,34.6020061480492,340.11,62.88
2021-05-21,247.3477,90.968,34.7800356208704,340.17,62.74
2021-05-24,247.6994,91.585,34.8987219360845,,63.01
2021-05-25,248.4169,91.283,34.8146524628078,340.43,63.01
2021-05-26,249.2149,91.427,34.8097071996739,340.69,63.18
2021-05-27,248.6671,91.615,34.8245429890757,340.83,64
2021-05-28,248.89,91.812,34.9976271987629,341.03,64.45
2021-05-31,248.9265,91.432,34.7701450946025,,64.63
2021-06-01,248.8148,91.69,34.992681935629,341.48,65.31
2021-06-02,249.2071,91.881,35.1657661453162,341.89,65.28
2021-06-03,248.976,91.446,35.1410398296466,342.13,64.4
2021-06-04,249.3464,92.027,35.2844524605304,342.21,65.13
2021-06-07,249.0136,91.932,35.3339050918696,342.39,65.2
2021-06-08,249.6227,91.9,35.3635766706731,342.61,65.56
2021-06-09,250.1663,92.274,35.5267703540925,342.92,65.46
2021-06-10,250.1115,92.346,35.620730353637,343.13,65.7
2021-06-11,250.784,92.403,35.8482124577974,343.4,65.73
2021-06-14,250.2786,92.353,35.8976650891366,343.59,65.39
2021-06-15,249.969,92.5,36.0756945619578,343.56,64.64
2021-06-16,250.1815,92.601,36.1745998246362,343.38,64.93
2021-06-17,249.8003,92.186,36.2339429822433,342.98,63.1
2021-06-18,249.791,91.145,35.6800735112441,342.91,62.98
2021-06-21,249.3284,91.888,35.872938773467,342.65,63.39
2021-06-22,249.1217,92.465,35.9223914048062,342.5,63.56
2021-06-23,249.3875,92.587,35.5861135116996,342.55,64.02
2021-06-24,249.4594,93.024,35.872938773467,342.65,63.77
2021-06-25,248.5572,93.327,35.8877745628688,342.69,63.87
2021-06-28,249.1004,93.291,35.7641429845207,342.64,64.2
2021-06-29,249.1561,93.718,35.8432671946635,342.61,64.52
2021-06-30,249.9567,93.638,35.5416061434943,342.54,64.04
2021-07-01,250.0545,93.978,35.7097450900476,342.55,65.26
2021-07-02,250.684,94.571,35.7839240370564,342.59,65.45
2021-07-05,250.2183,94.97,35.808650352726,342.59,65.8
2021-07-06,251.4864,94.395,35.6256756167709,342.66,64.09
2021-07-07,251.742,94.878,35.8927198260027,342.8,63.71
2021-07-08,251.8717,94.093,35.3487408812713,342.77,63.73
2021-07-09,251.45,95.179,35.8581029840652,342.78,64.44
2021-07-12,251.6875,95.49,36.0460229831543,342.81,64.51
2021-07-13,251.8875,95.791,36.125147193297,342.87,64.95
2021-07-14,252.1375,95.39,36.0905303513596,,65.14
2021-07-15,252.4,95.251,35.7740335107886,343.08,65.09
2021-07-16,252.8628,94.907,35.6949093006458,343.16,65.25
2021-07-19,253.325,92.998,34.8937766729505,342.91,63.33
2021-07-20,253.8125,94.112,35.0718061457717,342.69,63.96
2021-07-21,253.375,94.853,35.5465514066282,342.75,64.65
2021-07-22,254.0625,95.063,35.5910587748335,342.97,64.93
2021-07-23,254.3125,96.1,36.0262419306186,343.11,65.34
2021-07-26,254.2,96.393,35.9223914048062,343.16,65.8
2021-07-27,254.5,95.658,35.7641429845207,343.2,65.85
2021-07-28,254.4125,96.076,36.0311871937525,343.18,65.91
2021-07-29,254.525,96.526,36.1696545615023,343.5,66.64
2021-07-30,254.625,95.856,36.0212966674847,343.65,66.2
2021-08-02,255.275,96.289,36.1498735089666,343.82,65.9
2021-08-03,255.3431,95.86,36.2883408767164,344.07,65.34
2021-08-04,255.5375,96.085,36.4713156126715,344.37,65.09
2021-08-05,255.8375,96.471,36.5850566647517,344.64,65.6
2021-08-06,255.0875,96.717,36.5751661384839,344.69,65.29
2021-08-09,255.2375,96.66,36.6889071905641,344.63,64.23
2021-08-10,255.375,96.777,36.7878124532425,344.56,65.27
2021-08-11,255.127,96.895,36.9361703472602,344.47,65.29
2021-08-12,255.429,97.072,37.0686401015228,344.52,65.48
2021-08-13,255.5711,97.425,37.1333323181049,344.5,66.17
2021-08-16,255.2915,97.113,36.9890189118834,344.44,65.78
2021-08-17,255.2023,97.135,37.1383086424574,344.37,65.57
2021-08-18,255.5316,96.954,37.1034743719901,344.38,64.99
2021-08-19,255.6358,96.05,36.5759839906286,344.28,63.49
2021-08-20,255.8586,96.751,36.7153210724977,344.23,63.39
2021-08-23,255.4013,97.864,36.9044213978914,344.24,64.42
2021-08-24,255.4223,97.891,36.8048949108421,344.28,65.32
2021-08-25,253.852,98.126,36.7252737212026,344.27,65.59
2021-08-26,253.7941,97.811,36.6556051802681,344.27,65.41
2021-08-27,253.9171,98.282,36.7899659377847,344.24,65.99
2021-08-30,254.3572,99.017,36.8048949108421,,66.23
2021-08-31,253.1359,98.867,36.6904394507354,344.38,66.05
2021-09-01,252.9541,98.921,36.8098712351946,344.43,65.63
2021-09-02,253.2171,99.14,36.889492424834,344.59,66.34
2021-09-03,252.7565,98.99,36.6804868020304,344.65,66.45
2021-09-06,253.0158,99.272,37.0139005336457,344.7,66.4
2021-09-07,251.9005,98.666,36.7700606403748,344.75,65.75
2021-09-08,252.0712,98.296,36.4117652869972,344.74,65.96
2021-09-09,253.2639,98.549,36.2624755564233,344.79,66.09
2021-09-10,252.6088,97.878,36.1928070154887,344.87,66.38
2021-09-13,252.6358,97.461,36.3371204217103,344.95,66.31
2021-09-14,253.0285,97.355,36.302286151243,345.08,66.27
2021-09-15,252.3104,97.248,36.0285883118573,343.65,67.31
2021-09-16,252.227,97.242,36.0982568527919,345.71,66.48
2021-09-17,251.8468,96.9,35.7847484185865,344.05,66.35
2021-09-20,252.3315,95.158,35.2821396589874,345.44,65.49
2021-09-21,252.6663,95.493,35.6951745802421,343.66,64.86
2021-09-22,252.827,96.093,36.003706690095,345.51,66.08
2021-09-23,251.5619,97.183,36.3122387999479,345.5,66.68
2021-09-24,250.6974,96.964,36.0335646362098,345.2,66.95
2021-09-27,250.7503,97.074,36.0086830144474,344.93,67.68
2021-09-28,250.1967,95.219,35.2871159833398,344.24,67.55
2021-09-29,250.4388,95.455,35.5906717688403,344.14,67.32
2021-09-30,249.9439,94.947,35.5259795522582,344.07,67.42
2021-10-01,250.5025,94.369,35.3766898216842,343.69,67.66
2021-10-04,250.3826,93.473,35.2423290641676,343.5,68.45
2021-10-05,249.8449,95.146,35.6603403097748,343.09,68.84
2021-10-06,249.6776,93.937,35.3617608486268,342.28,68.15
2021-10-07,250.0153,96.505,36.0484936092672,342.33,68.57
2021-10-08,249.2563,95.987,35.9340381491605,342.31,69.35
2021-10-11,248.7453,96.168,36.0335646362098,341.56,69.73
2021-10-12,248.5899,95.051,35.8942275543407,340.71,69.42
2021-10-13,249.3409,94.66,36.0733752310295,340.72,69.29
2021-10-14,250.5298,96.527,36.5809603149811,341.6,70.05
2021-10-15,250.0902,97.417,36.824800208252,342.15,71.05
2021-10-18,249.8775,97.728,36.6356998828582,342.01,70.71
2021-10-19,249.0822,98.415,36.6904394507354,341.99,70.55
2021-10-20,249.2831,98.873,36.8048949108421,341.78,70.92
2021-10-21,249.0004,98.754,36.7352263699076,341.67,69.62
2021-10-22,249.0005,98.9,36.9342793440062,341.54,69.66
2021-10-25,249.3564,99.413,36.964137290121,341.4,70.63
2021-10-26,249.3296,100.044,37.272669399974,341.59,70.46
2021-10-27,250.4888,99.798,37.198024534687,341.88,69.9
2021-10-28,249.8032,100.027,37.3224326434986,342.05,69.75
2021-10-29,248.3892,100.232,37.4567934010152,341.77,69.41
2021-11-01,248.2822,100.536,37.6558463751139,,69.8
2021-11-02,249.5752,101.006,37.8101124300403,341.6,69.67
2021-11-03,250.0264,100.913,37.9494495119094,341.62,69.02
2021-11-04,251.0783,101.851,38.1186445398933,342.14,68.77
2021-11-05,252.3766,102.719,38.2131947025901,342.67,69.16
2021-11-08,251.6762,102.58,38.1485024860081,343.1,69.56
2021-11-09,253.0347,102.077,38.1335735129507,343.24,69.23
2021-11-10,251.5968,102.055,38.2331,,69.7
2021-11-11,251.369,101.577,38.315,,69.9
2021-11-12,251.602,102.103,38.325,342.91,70.17
2021-11-15,251.2264,102.259,38.525,342.83,69.95
2021-11-16,251.2137,102.727,38.675,342.74,69.94
2021-11-17,251.0199,102.412,38.76,342.65,69.97
2021-11-18,252.0317,102.52,38.485,342.81,69.75
2021-11-19,253.0476,102.754,38.43,342.87,69.5
2021-11-22,251.9931,103.292,38.39,342.7,69.97
2021-11-23,250.4992,101.891,38.02,342.25,70.27
2021-11-24,249.9232,102.339,38.085,341.83,70.82
2021-11-25,250.5593,102.744,38.19,341.57,70.6
2021-11-26,252.083,100.222,36.7,339.96,67.53
2021-11-29,252.0011,101.283,36.965,339.79,67.99
2021-11-30,252.7625,100.068,36.595,339.73,66.71
2021-12-01,252.2205,101.374,37.39,340.18,66.72
2021-12-02,253.1056,99.331,36.94,340.57,66.29
2021-12-03,253.4658,99.012,36.805,340.84,66.83
2021-12-06,253.7646,99.968,37.35,341.01,66.71
2021-12-07,253.6261,102.305,38.23,341.77,67.81
2021-12-08,252.1023,102.094,37.995,342.1,68.21
2021-12-09,252.6981,102.279,37.935,342.24,67.84
2021-12-10,252.944,102.097,37.93,342.23,67.9
2021-12-13,253.725,101.977,37.83,342.3,67.95
2021-12-14,253.3945,100.74,37.54,342.27,67.58
2021-12-15,253.3643,100.65,37.69,342.22,66.8
2021-12-16,252.5984,102.564,38.24,342.3,68.15
2021-12-17,253.3807,101.31,38.01,342.35,67.88
2021-12-20,252.9382,98.91,37.4,342.12,66.6
2021-12-21,251.4008,100.365,37.96,342.13,67.93
2021-12-22,251.113,102.122,38.25,342.21,68.81
2021-12-23,250.1184,103.125,38.62,342.38,69.18
2021-12-24,250.1491,103.194,38.61,342.4,
2021-12-27,249.9207,103.956,38.82,,70.11
2021-12-28,249.9368,104.526,39.115,,70.03
2021-12-29,248.7215,104.36,38.855,342.46,69.81
2021-12-30,248.5485,104.663,38.985,342.55,69.91
2021-12-31,248.7545,104.106,39.005,342.59,
